-- phpMyAdmin SQL Dump
-- version 5.0.4
-- https://www.phpmyadmin.net/
--
-- Host: 127.0.0.1
-- Generation Time: May 06, 2025 at 11:49 AM
-- Server version: 10.4.17-MariaDB
-- PHP Version: 8.0.2

SET SQL_MODE = "NO_AUTO_VALUE_ON_ZERO";
START TRANSACTION;
SET time_zone = "+00:00";


/*!40101 SET @OLD_CHARACTER_SET_CLIENT=@@CHARACTER_SET_CLIENT */;
/*!40101 SET @OLD_CHARACTER_SET_RESULTS=@@CHARACTER_SET_RESULTS */;
/*!40101 SET @OLD_COLLATION_CONNECTION=@@COLLATION_CONNECTION */;
/*!40101 SET NAMES utf8mb4 */;

--
-- Database: `fuzzy_logiz_tsukamoto`
--

-- --------------------------------------------------------

--
-- Table structure for table `dataset`
--

CREATE TABLE `dataset` (
  `iddataset` int(11) NOT NULL,
  `namadataset` varchar(100) NOT NULL
) ENGINE=InnoDB DEFAULT CHARSET=utf8mb4;

--
-- Dumping data for table `dataset`
--

INSERT INTO `dataset` (`iddataset`, `namadataset`) VALUES
(1, 'DINA SYAFITRI '),
(2, 'NDRI MEIDWIRA'),
(3, 'SISKA DINASARI '),
(4, 'BETMA REVIYANTI '),
(5, 'DESWITA '),
(6, 'IMBRA FERNANDES '),
(7, 'LORENZA MARBA WIJAYA'),
(8, 'AFDHAL WARNIZON'),
(9, 'RIA GUSTINA '),
(10, 'DONI HERMANTO '),
(11, 'JOCHO'),
(12, 'DESI SUSANTI'),
(13, 'ERIK FERNANDES'),
(14, 'JUNEDI BUDIMAN'),
(15, 'YOGI BURHAN PUTRA '),
(16, 'ASTOMO SANDI WIRASAKTI'),
(17, 'OKTAVIANTI'),
(18, 'ILMANNEDI '),
(19, 'IRDA HENDRI '),
(20, 'TAUFIKA OKA WAHID '),
(21, 'RUDI SALAM '),
(22, 'SUGIARTO'),
(23, 'HERWANA'),
(24, 'ABDALLA FATHIRSYA '),
(25, 'NOLA SAFITRI YANTI '),
(26, 'YONA MARTAVIA '),
(27, 'ANGGI PUTRI IRMAN '),
(28, 'IRSHAD AZWAR'),
(29, 'RIKI WIJAYA '),
(30, 'PRIMA DONI '),
(31, 'OKTAV CAHYA PRATAMA'),
(32, 'ANGGUN B ANDOESKA'),
(33, 'ZULFAHMI ARSADI'),
(34, 'M. IQBAL'),
(35, 'DONI KURNIAWAN'),
(36, 'JABBAR ASSALAM HAKIM'),
(37, 'ANDRI SALNO '),
(38, 'KURNIA DWILYAND'),
(39, 'DANIL CANIAGO '),
(40, 'NADYA EDRINA'),
(41, 'RANDY PRATAMA NOVYAN'),
(42, 'YUDHA PRASETYA PUTRA'),
(43, 'AISYAH FITRI'),
(44, 'PUTRI AURORA'),
(45, 'IN FITRIA'),
(46, 'REZKY WAHYUDI'),
(47, 'ILHAM'),
(48, 'TIARA PURNAMA SARI'),
(49, 'BILLY FADLHIKA NOURE'),
(50, 'AULIYAWATI AZWAR'),
(51, 'ALDO DAILI '),
(52, 'DAVID LEE'),
(53, 'NUNUNG HARDIAN NINGSIH '),
(54, 'SUCITA AMANDA MARSVIA'),
(55, 'ABDUL AZIS '),
(56, 'SUSANDY SATRIO WIBISONO'),
(57, 'BUNGA ARIALNI'),
(58, 'YOKEF FIRMANSYAH '),
(59, 'RIZKY OKTARIZAL '),
(60, 'RUDI AFRIAN'),
(61, 'YUSRAN '),
(62, 'coba');

-- --------------------------------------------------------

--
-- Table structure for table `detail_dataset`
--

CREATE TABLE `detail_dataset` (
  `iddataset` int(11) NOT NULL,
  `idvariabel` int(11) NOT NULL,
  `nilai` int(11) NOT NULL
) ENGINE=InnoDB DEFAULT CHARSET=utf8mb4;

--
-- Dumping data for table `detail_dataset`
--

INSERT INTO `detail_dataset` (`iddataset`, `idvariabel`, `nilai`) VALUES
(1, 2, 90),
(1, 3, 60),
(1, 4, 50),
(1, 5, 60),
(2, 2, 97),
(2, 3, 83),
(2, 4, 65),
(2, 5, 71),
(3, 2, 90),
(3, 3, 64),
(3, 4, 82),
(3, 5, 58),
(4, 2, 87),
(4, 3, 71),
(4, 4, 68),
(4, 5, 60),
(5, 2, 84),
(5, 3, 69),
(5, 4, 81),
(5, 5, 60),
(6, 2, 94),
(6, 3, 85),
(6, 4, 94),
(6, 5, 78),
(7, 2, 94),
(7, 3, 90),
(7, 4, 93),
(7, 5, 80),
(8, 2, 100),
(8, 3, 83),
(8, 4, 88),
(8, 5, 77),
(9, 2, 84),
(9, 3, 70),
(9, 4, 69),
(9, 5, 63),
(10, 2, 90),
(10, 3, 69),
(10, 4, 70),
(10, 5, 59),
(11, 2, 87),
(11, 3, 89),
(11, 4, 76),
(11, 5, 78),
(12, 2, 97),
(12, 3, 90),
(12, 4, 91),
(12, 5, 80),
(13, 2, 100),
(13, 3, 65),
(13, 4, 67),
(13, 5, 60),
(14, 2, 97),
(14, 3, 87),
(14, 4, 87),
(14, 5, 80),
(15, 2, 100),
(15, 3, 64),
(15, 4, 65),
(15, 5, 60),
(16, 2, 100),
(16, 3, 86),
(16, 4, 93),
(16, 5, 80),
(17, 2, 97),
(17, 3, 93),
(17, 4, 99),
(17, 5, 87),
(18, 2, 94),
(18, 3, 62),
(18, 4, 67),
(18, 5, 54),
(19, 2, 90),
(19, 3, 51),
(19, 4, 86),
(19, 5, 50),
(20, 2, 94),
(20, 3, 93),
(20, 4, 89),
(20, 5, 87),
(21, 2, 97),
(21, 3, 61),
(21, 4, 90),
(21, 5, 60),
(22, 2, 100),
(22, 3, 70),
(22, 4, 78),
(22, 5, 69),
(23, 2, 97),
(23, 3, 60),
(23, 4, 88),
(23, 5, 57),
(24, 2, 90),
(24, 3, 54),
(24, 4, 86),
(24, 5, 50),
(25, 2, 84),
(25, 3, 89),
(25, 4, 69),
(25, 5, 80),
(26, 2, 100),
(26, 3, 90),
(26, 4, 97),
(26, 5, 89),
(27, 2, 100),
(27, 3, 70),
(27, 4, 83),
(27, 5, 63),
(28, 2, 100),
(28, 3, 70),
(28, 4, 83),
(28, 5, 63),
(29, 2, 100),
(29, 3, 53),
(29, 4, 81),
(29, 5, 50),
(30, 2, 100),
(30, 3, 61),
(30, 4, 73),
(30, 5, 60),
(31, 2, 100),
(31, 3, 82),
(31, 4, 91),
(31, 5, 80),
(32, 2, 100),
(32, 3, 70),
(32, 4, 67),
(32, 5, 75),
(33, 2, 100),
(33, 3, 65),
(33, 4, 87),
(33, 5, 70),
(34, 2, 100),
(34, 3, 59),
(34, 4, 65),
(34, 5, 67),
(35, 2, 100),
(35, 3, 78),
(35, 4, 93),
(35, 5, 70),
(36, 2, 100),
(36, 3, 83),
(36, 4, 99),
(36, 5, 78),
(37, 2, 100),
(37, 3, 70),
(37, 4, 67),
(37, 5, 69),
(38, 2, 100),
(38, 3, 90),
(38, 4, 86),
(38, 5, 83),
(39, 2, 100),
(39, 3, 88),
(39, 4, 89),
(39, 5, 79),
(40, 2, 100),
(40, 3, 58),
(40, 4, 90),
(40, 5, 60),
(41, 2, 100),
(41, 3, 69),
(41, 4, 78),
(41, 5, 60),
(42, 2, 100),
(42, 3, 73),
(42, 4, 88),
(42, 5, 65),
(43, 2, 100),
(43, 3, 80),
(43, 4, 86),
(43, 5, 75),
(44, 2, 100),
(44, 3, 86),
(44, 4, 69),
(44, 5, 78),
(45, 2, 100),
(45, 3, 75),
(45, 4, 97),
(45, 5, 70),
(46, 2, 100),
(46, 3, 63),
(46, 4, 96),
(46, 5, 60),
(47, 2, 100),
(47, 3, 63),
(47, 4, 96),
(47, 5, 60),
(48, 2, 100),
(48, 3, 68),
(48, 4, 81),
(48, 5, 60),
(49, 2, 100),
(49, 3, 80),
(49, 4, 73),
(49, 5, 75),
(50, 2, 100),
(50, 3, 58),
(50, 4, 89),
(50, 5, 57),
(51, 2, 100),
(51, 3, 70),
(51, 4, 90),
(51, 5, 68),
(52, 2, 100),
(52, 3, 68),
(52, 4, 78),
(52, 5, 60),
(53, 2, 100),
(53, 3, 87),
(53, 4, 88),
(53, 5, 80),
(54, 2, 100),
(54, 3, 69),
(54, 4, 86),
(54, 5, 68),
(55, 2, 100),
(55, 3, 79),
(55, 4, 69),
(55, 5, 76),
(56, 2, 100),
(56, 3, 89),
(56, 4, 97),
(56, 5, 80),
(57, 2, 100),
(57, 3, 80),
(57, 4, 96),
(57, 5, 76),
(58, 2, 100),
(58, 3, 59),
(58, 4, 83),
(58, 5, 58),
(59, 2, 100),
(59, 3, 78),
(59, 4, 81),
(59, 5, 70),
(60, 2, 100),
(60, 3, 63),
(60, 4, 73),
(60, 5, 60),
(61, 2, 100),
(61, 3, 74),
(61, 4, 81),
(61, 5, 70),
(62, 2, 50),
(62, 3, 60),
(62, 4, 40),
(62, 5, 60);

-- --------------------------------------------------------

--
-- Table structure for table `detail_rule`
--

CREATE TABLE `detail_rule` (
  `idrule` int(11) NOT NULL,
  `idvariabel` int(11) NOT NULL,
  `idhimpunan` int(11) NOT NULL
) ENGINE=InnoDB DEFAULT CHARSET=utf8mb4;

--
-- Dumping data for table `detail_rule`
--

INSERT INTO `detail_rule` (`idrule`, `idvariabel`, `idhimpunan`) VALUES
(2, 2, 3),
(2, 3, 5),
(2, 4, 7),
(2, 5, 9),
(2, 6, 11),
(3, 2, 3),
(3, 3, 5),
(3, 4, 7),
(3, 5, 8),
(3, 6, 11),
(4, 2, 3),
(4, 3, 5),
(4, 4, 6),
(4, 5, 9),
(4, 6, 11),
(5, 2, 3),
(5, 3, 5),
(5, 4, 6),
(5, 5, 8),
(5, 6, 11),
(6, 2, 3),
(6, 3, 4),
(6, 4, 7),
(6, 5, 9),
(6, 6, 11),
(21, 2, 3),
(21, 3, 4),
(21, 4, 7),
(21, 5, 8),
(21, 6, 11),
(22, 2, 3),
(22, 3, 4),
(22, 4, 6),
(22, 5, 9),
(22, 6, 11),
(23, 2, 3),
(23, 3, 4),
(23, 4, 6),
(23, 5, 8),
(23, 6, 10),
(24, 2, 2),
(24, 3, 5),
(24, 4, 7),
(24, 5, 9),
(24, 6, 11),
(25, 2, 2),
(25, 3, 5),
(25, 4, 7),
(25, 5, 8),
(25, 6, 11),
(26, 2, 2),
(26, 3, 5),
(26, 4, 6),
(26, 5, 9),
(26, 6, 11),
(27, 2, 2),
(27, 3, 5),
(27, 4, 6),
(27, 5, 8),
(27, 6, 10),
(28, 2, 2),
(28, 3, 4),
(28, 4, 7),
(28, 5, 9),
(28, 6, 11),
(29, 2, 2),
(29, 3, 4),
(29, 4, 7),
(29, 5, 8),
(29, 6, 10),
(30, 2, 2),
(30, 3, 4),
(30, 4, 6),
(30, 5, 9),
(30, 6, 10),
(31, 2, 2),
(31, 3, 4),
(31, 4, 6),
(31, 5, 8),
(31, 6, 10);

-- --------------------------------------------------------

--
-- Table structure for table `hasil`
--

CREATE TABLE `hasil` (
  `idhasil` int(11) NOT NULL,
  `hasil` float NOT NULL,
  `tgl_proses` datetime NOT NULL
) ENGINE=InnoDB DEFAULT CHARSET=utf8mb4;

--
-- Dumping data for table `hasil`
--

INSERT INTO `hasil` (`idhasil`, `hasil`, `tgl_proses`) VALUES
(1, 56.976, '2024-08-11 23:07:15'),
(2, 46.316, '2024-08-15 00:33:07'),
(3, 46.316, '2024-08-15 00:53:10'),
(4, 46.316, '2024-08-15 00:55:39'),
(5, 55.526, '2024-08-15 01:01:07'),
(6, 46.316, '2024-08-15 01:01:20'),
(7, 55.526, '2024-08-15 01:03:03'),
(8, 46.316, '2024-08-15 01:03:24'),
(9, 46.316, '2024-08-15 01:04:37'),
(10, 46.316, '2024-08-15 01:29:25'),
(11, 46.316, '2024-08-15 01:35:51'),
(12, 46.316, '2024-08-15 01:37:37'),
(13, 46.316, '2024-08-15 01:38:04'),
(14, 46.316, '2024-08-15 01:38:58'),
(15, 46.316, '2024-08-15 01:39:20'),
(16, 46.316, '2024-08-15 01:39:46'),
(17, 47.083, '2024-08-15 01:39:58'),
(18, 47.083, '2024-08-15 01:40:45'),
(19, 46.316, '2024-08-15 01:41:47'),
(20, 46.316, '2024-08-15 01:46:59'),
(21, 46.316, '2024-08-15 01:48:34'),
(22, 46.316, '2024-08-15 01:48:44'),
(23, 46.316, '2024-08-15 01:51:51'),
(24, 46.316, '2024-08-15 01:55:31'),
(25, 46.316, '2024-08-15 02:04:37'),
(26, 46.316, '2024-08-15 03:00:23'),
(27, 46.316, '2024-08-15 03:02:27'),
(28, 46.316, '2024-08-15 03:02:46'),
(29, 46.316, '2024-08-15 03:02:57'),
(30, 46.316, '2024-08-15 03:03:05'),
(31, 46.316, '2024-08-15 14:37:51'),
(32, 46.316, '2024-08-15 14:49:56'),
(33, 53.684, '2024-08-15 14:52:14'),
(34, 46.316, '2024-08-15 15:09:52'),
(35, 46.316, '2024-08-15 15:29:56'),
(36, 39.286, '2024-08-15 15:30:31'),
(37, 44.348, '2024-08-15 15:30:53'),
(38, 46.316, '2024-08-15 15:42:00'),
(39, 46.316, '2024-08-15 20:42:04'),
(40, 55.526, '2024-08-15 22:06:27'),
(41, 55.526, '2024-08-15 22:07:08'),
(42, 55.526, '2024-08-15 22:09:41'),
(43, 55.526, '2024-08-15 22:12:19'),
(44, 55.526, '2024-08-15 22:14:59'),
(45, 55.526, '2024-08-15 22:15:13'),
(46, 46.316, '2024-08-15 22:15:43'),
(47, 67, '2024-08-15 23:13:35'),
(48, 67, '2024-08-15 23:13:55'),
(49, 55.882, '2024-08-15 23:15:34'),
(50, 67, '2024-08-15 23:18:13'),
(51, 33, '2024-08-15 23:19:50'),
(52, 39.295, '2024-08-16 00:40:55'),
(53, 36.667, '2024-08-16 00:41:57'),
(54, 46.316, '2024-08-16 00:43:47'),
(55, 46.316, '2024-08-16 00:44:19'),
(56, 46.316, '2024-08-16 00:45:08'),
(57, 46.316, '2024-08-16 00:45:51'),
(58, 46.316, '2024-08-16 00:46:30'),
(59, 46.316, '2024-08-16 00:47:02'),
(60, 46.316, '2024-08-16 00:47:17'),
(61, 46.316, '2024-08-16 00:48:45'),
(62, 46.316, '2024-08-16 00:49:15'),
(63, 46.316, '2024-08-16 00:50:09'),
(64, 46.316, '2024-08-16 00:50:29'),
(65, 46.316, '2024-08-16 00:51:05'),
(66, 46.316, '2024-08-16 00:51:48'),
(67, 46.316, '2024-08-16 00:52:56'),
(68, 46.316, '2024-08-16 00:54:00'),
(69, 46.316, '2024-08-16 00:54:12'),
(70, 46.316, '2024-08-16 00:54:43'),
(71, 46.316, '2024-08-16 00:55:02'),
(72, 46.316, '2024-08-16 00:55:19'),
(73, 46.316, '2024-08-16 00:55:38'),
(74, 46.316, '2024-08-16 00:57:14'),
(75, 46.316, '2024-08-16 00:57:31'),
(76, 46.316, '2024-08-16 00:58:19'),
(77, 46.316, '2024-08-16 00:58:31'),
(78, 46.316, '2024-08-16 00:58:43'),
(79, 46.316, '2024-08-16 00:59:20'),
(80, 46.316, '2024-08-16 00:59:50'),
(81, 46.316, '2024-08-16 01:00:18'),
(82, 46.316, '2024-08-16 01:01:15'),
(83, 46.316, '2024-08-16 01:01:34'),
(84, 46.316, '2024-08-16 01:02:03'),
(85, 46.316, '2024-08-16 01:03:56'),
(86, 46.316, '2024-08-16 01:09:40'),
(87, 46.316, '2024-08-16 01:10:05'),
(88, 46.316, '2024-08-16 01:11:22'),
(89, 46.316, '2024-08-16 01:12:28'),
(90, 46.316, '2024-08-16 01:14:46'),
(91, 46.316, '2024-08-16 01:15:17'),
(92, 46.316, '2024-08-16 01:16:22'),
(93, 46.316, '2024-08-16 01:16:35'),
(94, 46.316, '2024-08-16 02:40:56'),
(95, 46.316, '2024-08-16 02:41:23'),
(96, 46.316, '2024-08-16 15:11:44'),
(97, 46.316, '2024-08-16 17:39:49'),
(98, 46.316, '2024-08-16 17:43:14'),
(99, 46.316, '2024-08-17 17:03:04'),
(100, 46.316, '2024-08-17 17:03:34'),
(101, 46.316, '2024-08-17 17:08:03'),
(102, 46.316, '2024-08-17 17:08:08'),
(103, 46.316, '2024-08-17 17:08:23'),
(104, 46.316, '2024-08-17 17:08:58'),
(105, 46.316, '2024-08-17 17:09:14'),
(106, 46.316, '2024-08-17 17:09:29'),
(107, 46.316, '2024-08-17 17:18:32'),
(108, 46.316, '2024-08-17 17:19:36'),
(109, 46.316, '2024-08-17 17:20:05'),
(110, 46.316, '2024-08-17 17:20:13'),
(111, 46.316, '2024-08-17 17:29:54'),
(112, 46.316, '2024-08-17 17:30:01'),
(113, 46.316, '2024-08-17 17:30:08'),
(114, 46.316, '2024-08-17 17:30:17'),
(115, 46.316, '2024-08-17 17:30:54'),
(116, 46.316, '2024-08-17 17:31:01'),
(117, 46.316, '2024-08-17 17:31:25'),
(118, 46.316, '2024-08-18 15:31:11'),
(119, 46.316, '2024-08-19 00:14:40'),
(120, 46.316, '2024-08-19 00:15:10'),
(121, 46.316, '2024-08-19 00:15:34'),
(122, 55.882, '2024-08-19 00:15:48'),
(123, 46.316, '2024-08-19 08:23:45'),
(124, 46.316, '2024-08-19 08:24:31'),
(125, 46.316, '2024-08-19 08:37:59'),
(126, 46.316, '2024-08-19 08:41:17'),
(127, 46.316, '2024-08-19 08:45:31'),
(128, 55.882, '2024-08-19 08:45:47'),
(129, 55.882, '2024-08-19 08:46:56'),
(130, 55.882, '2024-08-19 08:47:09'),
(131, 55.882, '2024-08-19 08:47:20'),
(132, 46.316, '2024-08-19 08:50:01'),
(133, 46.316, '2024-08-19 08:52:13'),
(134, 46.316, '2024-08-19 08:57:05'),
(135, 46.316, '2024-08-20 09:51:15'),
(136, 46.316, '2024-08-21 23:18:42'),
(137, 46.316, '2024-08-23 22:27:58'),
(138, 63.235, '2024-08-23 22:28:38'),
(139, 51.1, '2024-08-23 22:29:07'),
(140, 47.083, '2024-08-23 22:29:25'),
(141, 67, '2024-08-23 22:29:35'),
(142, 46.316, '2024-08-23 22:32:54'),
(143, 46.316, '2024-08-23 22:39:22'),
(144, 46.316, '2024-08-23 22:40:10'),
(145, 67, '2024-08-23 22:41:12'),
(146, 46.316, '2024-08-23 22:41:23'),
(147, 51.25, '2024-08-23 22:41:52'),
(148, 48.478, '2024-08-23 22:42:11'),
(149, 46.316, '2024-09-01 14:21:21'),
(150, 48.478, '2024-09-01 14:21:36'),
(151, 46.316, '2024-09-05 00:29:13'),
(152, 48.478, '2024-09-05 00:29:22'),
(153, 46.316, '2024-09-05 21:58:15'),
(154, 48.478, '2024-09-05 21:58:27');

-- --------------------------------------------------------

--
-- Table structure for table `himpunan`
--

CREATE TABLE `himpunan` (
  `idhimpunan` int(11) NOT NULL,
  `idvariabel` int(11) NOT NULL,
  `namahimpunan` varchar(100) NOT NULL,
  `kethimpunan` text NOT NULL,
  `nilai` int(11) NOT NULL
) ENGINE=InnoDB DEFAULT CHARSET=utf8mb4;

--
-- Dumping data for table `himpunan`
--

INSERT INTO `himpunan` (`idhimpunan`, `idvariabel`, `namahimpunan`, `kethimpunan`, `nilai`) VALUES
(2, 2, 'Turun', 'Jumlah Kehadiran di tempat kerja Turun', 0),
(3, 2, 'Naik', 'Jumlah Kehadiran di tempat kerja Naik', 100),
(4, 3, 'Turun', 'Jumlah kualitas kerja Turun', 0),
(5, 3, 'Naik', 'Jumlah kualitas kerja Naik', 100),
(6, 4, 'Turun', 'Kemapuan kerja sama Turun', 0),
(7, 4, 'Naik', 'Jumlah kualitas kerja Naik', 100),
(8, 5, 'Turun', 'Ketepan waktu Turun', 0),
(9, 5, 'Naik', 'Ketepan waktu Naik', 100),
(10, 6, 'Tidak Baik', 'Hasil jumlah Kinerja yang tidak bagus', 0),
(11, 6, 'Baik', 'Hasil jumlah Kinerja yang bagus', 100);

-- --------------------------------------------------------

--
-- Table structure for table `rule`
--

CREATE TABLE `rule` (
  `idrule` int(11) NOT NULL,
  `namarule` varchar(50) NOT NULL
) ENGINE=InnoDB DEFAULT CHARSET=utf8mb4;

--
-- Dumping data for table `rule`
--

INSERT INTO `rule` (`idrule`, `namarule`) VALUES
(2, 'Rule 1'),
(3, 'Rule 2'),
(4, 'Rule 3'),
(5, 'Rule 4'),
(6, 'Rule 5'),
(21, 'Rule 6'),
(22, 'Rule 7'),
(23, 'Rule 8'),
(24, 'Rule 9'),
(25, 'Rule 10'),
(26, 'Rule 11'),
(27, 'Rule 12'),
(28, 'Rule 13'),
(29, 'Rule 14'),
(30, 'Rule 15'),
(31, 'Rule 16');

-- --------------------------------------------------------

--
-- Table structure for table `user`
--

CREATE TABLE `user` (
  `iduser` int(11) NOT NULL,
  `namalengkap` varchar(255) NOT NULL,
  `username` varchar(255) NOT NULL,
  `password` varchar(255) NOT NULL,
  `posisi` varchar(100) NOT NULL,
  `status` varchar(100) NOT NULL
) ENGINE=InnoDB DEFAULT CHARSET=utf8mb4;

--
-- Dumping data for table `user`
--

INSERT INTO `user` (`iduser`, `namalengkap`, `username`, `password`, `posisi`, `status`) VALUES
(1, 'Administrator', 'admin', 'admin', 'Admin', 'Aktif'),
(4, 'Ilham Nurhakim', 'pimpinan', 'pimpinan', 'Pimpinan', 'Aktif');

-- --------------------------------------------------------

--
-- Table structure for table `variabel`
--

CREATE TABLE `variabel` (
  `idvariabel` int(11) NOT NULL,
  `namavariabel` varchar(100) NOT NULL,
  `ketvariabel` text NOT NULL
) ENGINE=InnoDB DEFAULT CHARSET=utf8mb4;

--
-- Dumping data for table `variabel`
--

INSERT INTO `variabel` (`idvariabel`, `namavariabel`, `ketvariabel`) VALUES
(2, 'Kehadiran', 'Input'),
(3, 'Kualitas kerja', 'Input'),
(4, 'Kemampuan kerja sama', 'Input'),
(5, 'Ketepatan waktu', 'Input'),
(6, 'Kinerja', 'Output');

--
-- Indexes for dumped tables
--

--
-- Indexes for table `dataset`
--
ALTER TABLE `dataset`
  ADD PRIMARY KEY (`iddataset`);

--
-- Indexes for table `hasil`
--
ALTER TABLE `hasil`
  ADD PRIMARY KEY (`idhasil`);

--
-- Indexes for table `himpunan`
--
ALTER TABLE `himpunan`
  ADD PRIMARY KEY (`idhimpunan`);

--
-- Indexes for table `rule`
--
ALTER TABLE `rule`
  ADD PRIMARY KEY (`idrule`);

--
-- Indexes for table `user`
--
ALTER TABLE `user`
  ADD PRIMARY KEY (`iduser`);

--
-- Indexes for table `variabel`
--
ALTER TABLE `variabel`
  ADD PRIMARY KEY (`idvariabel`);

--
-- AUTO_INCREMENT for dumped tables
--

--
-- AUTO_INCREMENT for table `dataset`
--
ALTER TABLE `dataset`
  MODIFY `iddataset` int(11) NOT NULL AUTO_INCREMENT, AUTO_INCREMENT=64;

--
-- AUTO_INCREMENT for table `hasil`
--
ALTER TABLE `hasil`
  MODIFY `idhasil` int(11) NOT NULL AUTO_INCREMENT, AUTO_INCREMENT=155;

--
-- AUTO_INCREMENT for table `himpunan`
--
ALTER TABLE `himpunan`
  MODIFY `idhimpunan` int(11) NOT NULL AUTO_INCREMENT, AUTO_INCREMENT=12;

--
-- AUTO_INCREMENT for table `rule`
--
ALTER TABLE `rule`
  MODIFY `idrule` int(11) NOT NULL AUTO_INCREMENT, AUTO_INCREMENT=32;

--
-- AUTO_INCREMENT for table `user`
--
ALTER TABLE `user`
  MODIFY `iduser` int(11) NOT NULL AUTO_INCREMENT, AUTO_INCREMENT=5;

--
-- AUTO_INCREMENT for table `variabel`
--
ALTER TABLE `variabel`
  MODIFY `idvariabel` int(11) NOT NULL AUTO_INCREMENT, AUTO_INCREMENT=8;
COMMIT;

/*!40101 SET CHARACTER_SET_CLIENT=@OLD_CHARACTER_SET_CLIENT */;
/*!40101 SET CHARACTER_SET_RESULTS=@OLD_CHARACTER_SET_RESULTS */;
/*!40101 SET COLLATION_CONNECTION=@OLD_COLLATION_CONNECTION */;
